,baseline,dino-cls,dino-patch
aeroplane,0.8976,0.9347,0.9511
bicycle,0.8997,0.9028,0.9338
bird,0.7692,0.8591,0.9137
boat,0.7410,0.7642,0.7883
bottle,0.7118,0.7366,0.7985
bus,0.8821,0.9176,0.9229
car,0.9185,0.9176,0.9362
cat,0.8976,0.9349,0.9567
chair,0.6533,0.6587,0.7409
cow,0.8576,0.8937,0.9053
diningtable,0.7939,0.8238,0.8420
dog,0.8628,0.9265,0.9526
horse,0.9160,0.9504,0.9501
motorbike,0.9009,0.9156,0.9336
person,0.8940,0.8944,0.9096
pottedplant,0.5832,0.6030,0.6507
sheep,0.8391,0.8796,0.9073
sofa,0.7713,0.7994,0.8721
train,0.9020,0.9344,0.9481
tvmonitor,0.7983,0.8340,0.8778
